{"cameraMode":{"drawMode":0,"name":"Shaded","section":"Shading Mode"},"sceneLighting":true,"audioPlay":false,"sceneViewState":{"showFog":true,"showMaterialUpdate":false,"showSkybox":true,"showFlares":true,"showImageEffects":true,"showParticleSystems":true},"in2DMode":false,"pivot":{"x":-559.1199951171875,"y":1378.3599853515625,"z":-2092.699951171875},"rotation":{"x":-0.30407410860061648,"y":-0.6021645665168762,"z":0.6886521577835083,"w":-0.26588550209999087},"size":22.0,"orthographic":false}