{"cameraMode":{"drawMode":0,"name":"Shaded","section":"Shading Mode"},"sceneLighting":true,"audioPlay":false,"sceneViewState":{"showFog":true,"showMaterialUpdate":false,"showSkybox":true,"showFlares":true,"showImageEffects":true,"showParticleSystems":true},"in2DMode":false,"pivot":{"x":49.83235549926758,"y":1.0854518413543702,"z":362.71044921875},"rotation":{"x":-0.060393478721380237,"y":-0.9328415989875794,"z":0.1862931102514267,"w":-0.30241382122039797},"size":3.045234203338623,"orthographic":false}